feature_group,ROC-AUC,Drop,Drop_Percent
Geometry_Symmetry,0.9464524184552322,0.017243435784290884,1.7893026838740649
Color_Distribution,0.9530202092905158,0.010675644949007301,1.1077815580551318
Color_Mapping,0.9773512911727869,-0.013655436933263765,-1.4169861656237608
Component_Cardinality,0.959445596624354,0.004250257615169062,0.441037241830105
Component_Taxonomy,0.95954157361438,0.004154280625143114,0.43107798034695943
Spatial_Shift_Nested,0.9623984750258764,0.0012973792136466988,0.1346253808127559
