Feature,Changed Mean,Unchanged Mean,U-Statistic,p-value
area,15.688271604938272,7.059880239520958,36747.0,5.41800617790308e-11
density,0.8045535187396133,0.7742040918163672,29178.0,0.14110716779725108
eccentricity,1.703407309425828,1.2669660678642714,34687.5,1.281342203067575e-08
dist_to_center,4.132438948252512,6.919254708157261,13034.5,4.827260874106991e-21
relative_area,0.12587727539459315,0.02861977821055446,43774.0,2.806454184036564e-29
