Feature,Importance
num_shapes_in_grid,0.23671198626440734
dist_to_center,0.21312556548589254
relative_area,0.1711853384200908
color_in,0.1018167699516296
density,0.06289087040836158
area,0.05235758376635416
bbox_width,0.039302739085829534
bbox_area,0.03909878077248496
eccentricity,0.033335749573714754
bbox_height,0.03217991402336563
is_touching_border,0.017994702247869098
