Feature,Importance
num_shapes_in_grid,0.229389039727513
dist_to_center,0.21441529522240224
relative_area,0.17531355068709484
color_in,0.10787533725349688
density,0.06749782675057232
area,0.055024928332952035
bbox_area,0.0401501765053254
bbox_width,0.03831470922061115
eccentricity,0.02768068214102751
bbox_height,0.026324391290236438
is_touching_border,0.018014062868768214
