type,inputs_count,other_likelihood,output_likelihood
Aggregated,2793,0.8370405562993997,0.8431793770139635
Type 1,1308,0.8762655763239875,0.886085626911315
Type 2,260,0.6862925482980681,0.6538461538461539
Type 3,1225,0.8300177454002055,0.8375510204081633
