Model,MRR,Top-1,Top-5,Top-10,IO_Accuracy,MW_p_value
Model 1 (Intelligent 52-dim),0.8130652484565044,0.7622377622377622,0.8682983682983683,0.8951048951048951,0.3962703962703963,0.0
Model 2 (Intelligent 102-dim),0.7950104709379043,0.7517482517482518,0.8414918414918415,0.872960372960373,0.4428904428904429,0.0
Model 3 (Intelligent 202-dim),0.802365216136754,0.7482517482517482,0.8589743589743589,0.8904428904428905,0.4149184149184149,0.0
