metric,input_mean,output_mean,t_stat,p_value
num_lines,6.645311049210771,6.520427112349118,0.7970724058895126,0.4254529178063825
max_length,5.979108635097493,5.8987929433611885,0.9782474995538514,0.3280068716619377
corner_ratio,0.1173040600575618,0.16285001113446157,-10.21144928747946,3.318618596190023e-24
