metric,input_mean,output_mean,t_stat,p_value
num_rectangles,681.1956824512534,437.1285979572888,5.204475263189948,2.036015921643933e-07
max_size,4.2058960074280405,3.897168059424327,4.236522459532693,2.3175303157271707e-05
corner_ratio,0.042385294891790166,0.0632602067010835,-6.974399397248052,3.5400581484915024e-12
horizontal_ratio,0.22220431130896282,0.22750994845926695,-1.2411145699410617,0.21463102066590906
