metric,input_mean,output_mean,t_stat,p_value
num_junctions,103.24605385329619,89.44382544103992,5.835401499574825,5.760060766545546e-09
max_size,6.1188486536675954,6.054317548746518,0.8399616227065922,0.4009765273299979
asymmetry_rate,0.4335058873951366,0.45333640686095406,-3.601799787751297,0.00031958674963018476
