metric,input_mean,output_mean,t_stat,p_value
num_squares,74.59679665738162,57.7964252553389,5.53539653086738,3.289814423831033e-08
max_size,1.9531104921077065,1.8142989786443826,4.394293122300292,1.138076044177843e-05
corner_ratio,0.039337162093622376,0.06146065318930477,-7.106302077249916,1.3885152222661767e-12
